<?xml version="1.0" encoding="UTF-8" standalone="yes"?>
<deployment-descriptor xsi:schemaLocation="http://www.jboss.org/jbpm deployment-descriptor.xsd" xmlns:xsi="http://www.w3.org/2001/XMLSchema-instance">
    <persistence-unit>org.jbpm.domain</persistence-unit>
    <audit-persistence-unit>org.jbpm.domain</audit-persistence-unit>
    <audit-mode>JPA</audit-mode>
    <persistence-mode>JPA</persistence-mode>
    <runtime-strategy>SINGLETON</runtime-strategy>
    <marshalling-strategies>
        <marshalling-strategy>
            <resolver>mvel</resolver>
            <identifier>new org.drools.persistence.jpa.marshaller.JPAPlaceholderResolverStrategy("org.jbpm:process-migration:1.0", classLoader)</identifier>
            <parameters/>
        </marshalling-strategy>
    </marshalling-strategies>
    <event-listeners/>
    <task-event-listeners/>
    <globals/>
    <work-item-handlers>
        <work-item-handler>
            <resolver>mvel</resolver>
            <identifier>new org.jbpm.process.migration.handler.CollectNodeInfoHandler()</identifier>
            <parameters/>
            <name>CollectNodeInfo</name>
        </work-item-handler>
        <work-item-handler>
            <resolver>mvel</resolver>
            <identifier>new org.jbpm.process.migration.handler.ValidationHandler()</identifier>
            <parameters/>
            <name>Validate</name>
        </work-item-handler>
        <work-item-handler>
            <resolver>mvel</resolver>
            <identifier>new org.jbpm.process.migration.handler.PerformActiveInstanceHandler()</identifier>
            <parameters/>
            <name>PerformAllActiveMigration</name>
        </work-item-handler>
        <work-item-handler>
            <resolver>mvel</resolver>
            <identifier>new org.jbpm.process.migration.handler.PerformMigrationHandler()</identifier>
            <parameters/>
            <name>PerformMigration</name>
        </work-item-handler>
    </work-item-handlers>
    <environment-entries/>
    <configurations/>
    <required-roles>
        <required-role>admin</required-role>
    </required-roles>
    <remoteable-classes/>
</deployment-descriptor>
