<?xml version="1.0"?>
<ruleset xmlns="http://windup.jboss.org/schema/jboss-ruleset" id="xpdl-rules"
    xmlns:xsi="http://www.w3.org/2001/XMLSchema-instance"
    xsi:schemaLocation="http://windup.jboss.org/schema/jboss-ruleset http://windup.jboss.org/schema/jboss-ruleset/windup-jboss-ruleset.xsd">

    <metadata>
        <description>
            This rule set identifies an XPDL process file. 
        </description>
        <dependencies>
            <addon id="org.jboss.windup.rules,windup-rules-xml,2.3.0.Final" />
        </dependencies>
    </metadata>

    <rules>
        <file-mapping from=".*\.xpdl$" to="XmlFileModel" />

        <rule id="xpdl-01000">
            <when>
                <xmlfile as="default" matches="/xpdl2:Package/xpdl2:PackageHeader">
                    <namespace uri="http://www.wfmc.org/2008/XPDL2.1" prefix="xpdl2"/>
                </xmlfile>
            </when>
            <perform>
                <classification title="XPDL Process" effort="2">
			<description>XPDL Process Diagram, should be migrated to the BPMN2.0 standard to be supported by BPMS</description>
                        <tag>bpm</tag>
                </classification>
                <xslt title="BPMN (Windup Generated)" template="XPDLtoBPMN2.xsl" extension="-migrated.bpmn2"/>
            </perform>
        </rule>
    </rules>
</ruleset>
